cluster_id, size, top_supervised, top_count, purity             , entropy           , normalized_entropy
         1, 3877,              3,      1503, 0.38767087954604074, 1.3834888765736966, 0.772139843731227
         2, 2458,              5,      1488, 0.6053702196908055 , 0.9660698201230364, 0.5391738326011186
         3, 2074,              3,      1710, 0.8244937319189971 , 0.6829308527525161, 0.38115096612088434
         4, 1763,              3,      1167, 0.6619398752127056 , 1.096445476862013 , 0.6119378720707392
         5,  885,              3,       656, 0.7412429378531074 , 0.9254983156849603, 0.5165304448390572
         6,  311,              5,       109, 0.3504823151125402 , 1.412012325726794 , 0.7880590838094649
